{
  "arch": [
    63,
    32,
    16
  ],
  "threshold_train95": 0.007291107764467597,
  "coverage_val": 0.9479004298332625,
  "coverage_test": 0.9503566199045864,
  "seed": 42,
  "epochs": 50,
  "batch_size": 1024,
  "lr": 0.001
}